<?xml version="1.0" encoding="UTF-8"?>
<project-private xmlns="http://www.netbeans.org/ns/project-private/1">
    <editor-bookmarks xmlns="http://www.netbeans.org/ns/editor-bookmarks/2" lastBookmarkId="0"/>
    <open-files xmlns="http://www.netbeans.org/ns/projectui-open-files/2">
        <group>
            <file>file:/C:/Users/john%20paul/Documents/NetBeansProjects/POSINVENTORY/src/posinventory/authenticate.java</file>
            <file>file:/C:/Users/john%20paul/Documents/NetBeansProjects/POSINVENTORY/src/posinventory/employee.java</file>
            <file>file:/C:/Users/john%20paul/Documents/NetBeansProjects/POSINVENTORY/src/posinventory/HOME_E.java</file>
            <file>file:/C:/Users/john%20paul/Documents/NetBeansProjects/POSINVENTORY/src/posinventory/JpanelLoader.java</file>
            <file>file:/C:/Users/john%20paul/Documents/NetBeansProjects/POSINVENTORY/src/posinventory/HOME.java</file>
            <file>file:/C:/Users/john%20paul/Documents/NetBeansProjects/POSINVENTORY/src/posinventory/sign_up.java</file>
            <file>file:/C:/Users/john%20paul/Documents/NetBeansProjects/POSINVENTORY/src/posinventory/customer.java</file>
            <file>file:/C:/Users/john%20paul/Documents/NetBeansProjects/POSINVENTORY/src/posinventory/invoice.java</file>
            <file>file:/C:/Users/john%20paul/Documents/NetBeansProjects/POSINVENTORY/src/posinventory/supplier.java</file>
            <file>file:/C:/Users/john%20paul/Documents/NetBeansProjects/POSINVENTORY/src/posinventory/ReportView.java</file>
            <file>file:/C:/Users/john%20paul/Documents/NetBeansProjects/POSINVENTORY/src/posinventory/product.java</file>
            <file>file:/C:/Users/john%20paul/Documents/NetBeansProjects/POSINVENTORY/src/posinventory/sale.java</file>
            <file>file:/C:/Users/john%20paul/Documents/NetBeansProjects/POSINVENTORY/src/posinventory/reports.java</file>
            <file>file:/C:/Users/john%20paul/Documents/NetBeansProjects/POSINVENTORY/src/posinventory/login.java</file>
            <file>file:/C:/Users/john%20paul/Documents/NetBeansProjects/POSINVENTORY/src/posinventory/db.java</file>
        </group>
    </open-files>
</project-private>
